﻿Designator,Quantity,Value,Footprint,Package,MPN,DNP,Mount_Type,Description
"C1, C10, C101, C104, C105, C106, C107, C109, C110, C112, C114, C117, C118, C120, C122, C128, C129, C135, C141, C142, C143, C144, C145, C146, C147, C148, C15, C154, C155, C159, C165, C167, C168, C169, C17, C172, C173, C178, C179, C181, C182, C185, C188, C189, C191, C193, C194, C2, C20, C204, C205, C206, C208, C213, C215, C216, C217, C218, C220, C223, C224, C23, C232, C233, C234, C235, C237, C24, C241, C242, C244, C246, C247, C252, C255, C256, C261, C263, C267, C269, C270, C274, C276, C277, C281, C283, C284, C288, C29, C290, C30, C31, C35, C36, C37, C38, C40, C41, C42, C43, C52, C53, C55, C61, C62, C63, C65, C71, C72, C73, C74, C75, C8, C81, C84, C85, C89, C9, C90, C91, C95",121,100n 10V,C0402,,GRM155R71A104JA01D,,smt,Multilayer Ceramic Capacitors MLCC - SMD/SMT 0.1 uF 10 VDC 5% 0402 X7R
"C100, C140, C180, C214, C257, C28, C70",7,470n 6V3,C0402,,GRM155R60J474KE19D,,smt,Multilayer Ceramic Capacitors MLCC - SMD/SMT 0.47 uF 6.3 VDC 10% 0402 X5R
"C102, C103, C108, C11, C119, C123, C124, C125, C130, C149, C150, C151, C157, C160, C174, C175, C177, C190, C195, C196, C197, C200, C221, C225, C226, C227, C230, C239, C240, C245, C25, C260, C3, C32, C33, C34, C4, C45, C46, C47, C5, C54, C57, C76, C77, C78, C82, C92",48,1u00 10V,C0402,,C0402C105K8PACTU,,smt,Multilayer Ceramic Capacitors MLCC - SMD/SMT 10V 1uF X5R 0402 10%
"C111, C116, C156, C183, C187, C19, C219, C251, C259, C266, C273, C280, C287, C39, C51, C88",16,22u0 6V3,C0402,,CL05A226MQ5CUN,,smt,"Multilayer Ceramic Capacitors MLCC - SMD/SMT 0402, X5R, 22uF, +/-20%"
"C113, C121, C184, C192, C253, C262, C44, C56",8,10n0 16V,C0402,,CL05B103JO5NNWC ,,smt,Multilayer Ceramic Capacitors MLCC - SMD/SMT 10nX7R +/-5% 16v 040 0402
"C115, C186, C258, C50",4,10u0 4V,C0402,,GRM155R60G106ME01D,,smt,Multilayer Ceramic Capacitors MLCC - SMD/SMT 10 uF 4 VDC 20% 0402 X5R
"C12, C131, C133, C134, C136, C137, C14, C158, C16, C163, C164, C166, C170, C18, C201, C203, C207, C209, C21, C210, C231, C238, C243, C248, C249, C58, C60, C64, C66, C67, C83, C87, C94, C96, C97",35,22u0 10V,C0603,,GRM188R61A226ME15D,,smt,Multilayer Ceramic Capacitors MLCC - SMD/SMT 22 uF 10 VDC 20% 0603 X5R
"C126, C127, C152, C153, C198, C199, C228, C229, C264, C265, C271, C272, C278, C279, C285, C286, C48, C49, C6, C7, C79, C80",22,2u20 16V,C0402,,GRM155R61C225KE44D,,smt,Multilayer Ceramic Capacitors MLCC - SMD/SMT 2.2 uF 16 VDC 10% 0402 X5R
"C13, C132, C138, C162, C171, C202, C211, C22, C236, C250, C59, C68, C86, C98",14,4u70 25V,C0603,,GRM188R61E475KE11D,,smt,Multilayer Ceramic Capacitors MLCC - SMD/SMT 4.7 uF 25 VDC 10% 0603 X5R
"C139, C176, C212, C254, C27, C69, C99",7,3n30 16V,C0402,,GRM15XR71C332KA86D,,smt,Multilayer Ceramic Capacitors MLCC - SMD/SMT 3300 pF 16 VDC 10% 0402 X7R
"C161, C222, C26, C93",4,4u70 6V3,C0402,,MSASJ105BB5475MFNA01,,smt,Multilayer Ceramic Capacitors MLCC - SMD/SMT 6.3V 4.7uF X5R 0402 20%
"C268, C275, C282, C289",4,680p 50V,C0402,, GCM1555C1H681FA16J ,,smt,Multilayer Ceramic Capacitors MLCC - SMD/SMT 680 pF 50 VDC 1% 0402 C0G (NP0) AEC-Q200
"FB1, FB2, FB3, FB4",4,300R,L0402,, LI0402B301R-10 ,,smt,Ferrite Beads 300ohms 100MHz .2A Monolithic 0402 SMD
"J1, J10, J17, J18, J2, J25, J26, J31, J32, J33, J34, J35, J36, J37, J38, J9",16,212134-0003,2121340003,, 212134-0003 ,,smt,Headers & Wire Housings Pico-EZMate Plus1.0 PlugAssy ETP LH 3Ckt
"L1, L2, L3, L4, L5, L6, L7",7,1u50,L0806,,DFE201612E-1R5M=P2,,smt,Power Inductors - SMD 1.5 UH 20%
"OSC1, OSC2, OSC3, OSC4",4,SIT1532AC-J5-DCC-32.768D,SIT1532AC,,SIT1532AC-J5-DCC-32.768D,,smt,Standard Clock Oscillators 32.768kHz 75ppm -10C +70C
"R1, R107, R111, R112, R113, R114, R115, R116, R117, R129, R131, R139, R140, R144, R145, R146, R147, R148, R149, R152, R155, R156, R157, R168, R169, R170, R171, R174, R177, R178, R179, R18, R187, R19, R190, R191, R197, R198, R2, R20, R201, R208, R209, R21, R210, R211, R23, R26, R29, R3, R30, R31, R41, R42, R48, R49, R50, R54, R55, R56, R57, R58, R59, R60, R73, R77, R78, R79, R80, R81, R87, R88, R93, R94, R95, R96, R97",77,10K0,R0402,,CRCW040210K0FKEDHP,,smt,Thick Film Resistors - SMD 0.2W 10Kohms 1% High Power AEC-Q200
"R10, R101, R106, R110, R119, R124, R127, R13, R136, R159, R164, R167, R17, R175, R181, R186, R204, R35, R40, R5, R53, R62, R67, R70, R76",25,0R00,R0402,,RK73Z1ETTP,,smt,Thick Film Resistors ZEROohms JUMPER
R100,1,10K0,R0402,,CRCW040210K0FKEDHP,Yes,smt,Thick Film Resistors - SMD 0.2W 10Kohms 1% High Power AEC-Q200
"R102, R103, R120, R121, R132, R141, R142, R160, R161, R182, R183, R189, R193, R194, R24, R36, R37, R44, R45, R6, R63, R64, R7, R82, R89, R90",26,100K,R0402,,CRCW0402100KFKEDC,,smt,Thick Film Resistors - SMD 1/16watt 100Kohms 1% Commercial Use
R104,1,0R00,R0402,,RK73Z1ETTP,Yes,smt,Thick Film Resistors ZEROohms JUMPER
R105,1,0R00,R0402,,RK73Z1ETTP,Yes,smt,Thick Film Resistors ZEROohms JUMPER
R108,1,0R00,R0402,,RK73Z1ETTP,Yes,smt,Thick Film Resistors ZEROohms JUMPER
R109,1,0R00,R0402,,RK73Z1ETTP,Yes,smt,Thick Film Resistors ZEROohms JUMPER
"R11, R125, R172, R68",4,20K0,R0402,, ERA-2ARC203X ,,smt,Thin Film Resistors 20K OHM .25% 10PPM 1/16W
R118,1,10K0,R0402,,CRCW040210K0FKEDHP,Yes,smt,Thick Film Resistors - SMD 0.2W 10Kohms 1% High Power AEC-Q200
R12,1,0R00,R0402,,RK73Z1ETTP,Yes,smt,Thick Film Resistors ZEROohms JUMPER
R122,1,0R00,R0402,,RK73Z1ETTP,Yes,smt,Thick Film Resistors ZEROohms JUMPER
R123,1,0R00,R0402,,RK73Z1ETTP,Yes,smt,Thick Film Resistors ZEROohms JUMPER
R126,1,0R00,R0402,,RK73Z1ETTP,Yes,smt,Thick Film Resistors ZEROohms JUMPER
"R128, R14, R176, R71",4,20K0,R0402,,CRCW040220K0FKED,,smt,Thick Film Resistors 1/16watt 20Kohms 1%
"R130, R188, R22, R72",4,1M33,R0402,,CRCW04021M33FKED ,,smt,Thick Film Resistors - SMD 1/16watt 1.33Mohms 1% 100ppm
"R133, R153, R192, R206, R25, R46, R83, R98",8,1K00,R0402,,ERA-2ARC102X,,smt,Thin Film Resistors 1K OHM .25% 10PPM 1/16W
R134,1,0R00,R0402,,RK73Z1ETTP,Yes,smt,Thick Film Resistors ZEROohms JUMPER
R135,1,0R00,R0402,,RK73Z1ETTP,Yes,smt,Thick Film Resistors ZEROohms JUMPER
"R137, R195, R27, R84",4,169K,R0402,,CRCW0402169KFKTD ,,smt,Thick Film Resistors - SMD 1/16watt 169Kohms 1%
R138,1,100K,R0402,,CRCW0402100KFKEDC,Yes,smt,Thick Film Resistors - SMD 1/16watt 100Kohms 1% Commercial Use
"R143, R151, R199, R205, R32, R43, R86, R92",8,0R30,R0402,, ERJ-2BQJR30X ,,smt,Current Sense Resistors - SMD 0402 0.3ohm 5% Curr Sense AEC-Q200
R15,1,0R00,R0402,,RK73Z1ETTP,Yes,smt,Thick Film Resistors ZEROohms JUMPER
"R150, R154, R200, R207, R33, R47, R91, R99",8,1R00,R0402,, CRCW04021R00FKEDHP ,,smt,Thick Film Resistors 0.2W 1ohms 1% High Power AEC-Q200
R158,1,10K0,R0402,,CRCW040210K0FKEDHP,Yes,smt,Thick Film Resistors - SMD 0.2W 10Kohms 1% High Power AEC-Q200
R16,1,0R00,R0402,,RK73Z1ETTP,Yes,smt,Thick Film Resistors ZEROohms JUMPER
R162,1,0R00,R0402,,RK73Z1ETTP,Yes,smt,Thick Film Resistors ZEROohms JUMPER
R163,1,0R00,R0402,,RK73Z1ETTP,Yes,smt,Thick Film Resistors ZEROohms JUMPER
R165,1,0R00,R0402,,RK73Z1ETTP,Yes,smt,Thick Film Resistors ZEROohms JUMPER
R166,1,0R00,R0402,,RK73Z1ETTP,Yes,smt,Thick Film Resistors ZEROohms JUMPER
R173,1,0R00,R0402,,RK73Z1ETTP,Yes,smt,Thick Film Resistors ZEROohms JUMPER
R180,1,10K0,R0402,,CRCW040210K0FKEDHP,Yes,smt,Thick Film Resistors - SMD 0.2W 10Kohms 1% High Power AEC-Q200
R184,1,0R00,R0402,,RK73Z1ETTP,Yes,smt,Thick Film Resistors ZEROohms JUMPER
R185,1,0R00,R0402,,RK73Z1ETTP,Yes,smt,Thick Film Resistors ZEROohms JUMPER
R196,1,100K,R0402,,CRCW0402100KFKEDC,Yes,smt,Thick Film Resistors - SMD 1/16watt 100Kohms 1% Commercial Use
R202,1,0R00,R0402,,RK73Z1ETTP,Yes,smt,Thick Film Resistors ZEROohms JUMPER
R203,1,0R00,R0402,,RK73Z1ETTP,Yes,smt,Thick Film Resistors ZEROohms JUMPER
"R212, R213, R217, R218, R222, R223, R227, R228",8,0R15,R0402,,KDV04FR150ET ,,smt,Current Sense Resistors - SMD .15 OHM 1% 1/8W
"R214, R216, R219, R221, R224, R226, R229, R231",8,39R0,R0402,,RT0402BRD0739RL ,,smt,Thin Film Resistors - SMD 1/16W 39 ohm .1% 25ppm
"R215, R220, R225, R230",4,22R0,R0402,,CRCW040222R0FKED,,smt,Thick Film Resistors 1/16watt 22ohms 1%
R28,1,100K,R0402,,CRCW0402100KFKEDC,Yes,smt,Thick Film Resistors - SMD 1/16watt 100Kohms 1% Commercial Use
R34,1,10K0,R0402,,CRCW040210K0FKEDHP,Yes,smt,Thick Film Resistors - SMD 0.2W 10Kohms 1% High Power AEC-Q200
R38,1,0R00,R0402,,RK73Z1ETTP,Yes,smt,Thick Film Resistors ZEROohms JUMPER
R39,1,0R00,R0402,,RK73Z1ETTP,Yes,smt,Thick Film Resistors ZEROohms JUMPER
R4,1,10K0,R0402,,CRCW040210K0FKEDHP,Yes,smt,Thick Film Resistors - SMD 0.2W 10Kohms 1% High Power AEC-Q200
R51,1,0R00,R0402,,RK73Z1ETTP,Yes,smt,Thick Film Resistors ZEROohms JUMPER
R52,1,0R00,R0402,,RK73Z1ETTP,Yes,smt,Thick Film Resistors ZEROohms JUMPER
R61,1,10K0,R0402,,CRCW040210K0FKEDHP,Yes,smt,Thick Film Resistors - SMD 0.2W 10Kohms 1% High Power AEC-Q200
R65,1,0R00,R0402,,RK73Z1ETTP,Yes,smt,Thick Film Resistors ZEROohms JUMPER
R66,1,0R00,R0402,,RK73Z1ETTP,Yes,smt,Thick Film Resistors ZEROohms JUMPER
R69,1,0R00,R0402,,RK73Z1ETTP,Yes,smt,Thick Film Resistors ZEROohms JUMPER
R74,1,0R00,R0402,,RK73Z1ETTP,Yes,smt,Thick Film Resistors ZEROohms JUMPER
R75,1,0R00,R0402,,RK73Z1ETTP,Yes,smt,Thick Film Resistors ZEROohms JUMPER
R8,1,0R00,R0402,,RK73Z1ETTP,Yes,smt,Thick Film Resistors ZEROohms JUMPER
R85,1,100K,R0402,,CRCW0402100KFKEDC,Yes,smt,Thick Film Resistors - SMD 1/16watt 100Kohms 1% Commercial Use
R9,1,0R00,R0402,,RK73Z1ETTP,Yes,smt,Thick Film Resistors ZEROohms JUMPER
"U1, U14, U19, U33, U38, U51, U59",7,MAX77654MENV+T,WLCSP-30_2.788x2.338mm_P0.4mm,,MAX77654MENV+T,,smt,Power Management Specialised - PMIC Ultra Low Power PMIC w/ 3-Output SIMO + 2 LDOs
"U10, U29, U48, U68",4,OPA333AIDBVR,SOT_23_5_SHDN,, OPA333AIDBVR ,,smt,Operational Amplifiers - Op Amps 1.8V 17uA 2uV microPOWER CMOS
"U11, U28, U45, U60",4,~,X2SON-6,,SN74AUP1G14DSFR,,smt,Inverters Low-Pwr Sgl Schmitt- Trigger Inverter
"U12, U30, U46, U63",4,W25Q128JWYIQ,WLCSP-21,,W25Q128JWYIQ,,smt,"NOR Flash spiFlash, 1.8V, 128M-bit, 4Kb Uniform Sector"
"U13, U17, U31, U32, U49, U50, U64, U67",8,~,X2SON-8,,SN74AUP2G08DQER,,smt,Logic Gates Low-Pwr Dual 2-Inp Pos-AND Gate
"U15, U2, U20, U34, U40, U52, U61",7,MX25U12832FZNI02-TR,8-WSON_DUAL_(6x5mm)_8x6mn,, MX25U12832FZNI02-TR ,,smt,NOR Flash Serial NOR 1.8V 128Mbit x4 I/O WSON-8 6x5mm
"U16, U21, U3, U35, U41, U53, U62",7,MX25U25643GZ4I00-T,8-WSON_DUAL_6x5mm_(8x6mn),, MX25U25643GZ4I00-T ,,smt,NOR Flash Serial NOR 1.8V 256Mbit x4 I/O WSON-8 8x6mm
"U18, U24, U36, U4, U44, U54, U65",7,MAX17262REWL+T,WLCSP-9_1.468x1.448mm_P0.4mm,,MAX17262REWL+T,,smt,Battery Management 5.2 A 1-Cell Fuel Gauge with ModelGauge m5 EZ and Internal Current Sensing
"U23, U39, U56, U6",4,TPS22916CYFPR,DSBGA-4_0.74x0.74mm,,TPS22916CYFPR,,smt,"Power Switch ICs - Power Distribution 5.5-V, 2-A, 60-mohm, 10-nA leakage load switch with output discharge 4-DSBGA -40 to 85"
"U25, U42, U57, U7",4,OPA310SIDBVR,SOT_23_5_SHDN,, OPA310SIDBVR ,,smt,"Operational Amplifiers - Op Amps Single, 5.5-V, 3-MHz high-output-current (150 mA) fast-shutdown (1 s) operational amplifier"
"U26, U43, U58, U8",4,TPS7A9401DSCR,WSON-10-3.15x3.15mm,,TPS7A9401DSCR,,smt,"LDO Voltage Regulators 1-A, ultra-low noise, ultra-high PSRR, RF voltage regulator 10-WSON -40 to 125"
"U27, U47, U66, U9",4,REF35250YBHR,DSBGA-4_1.085x0.870mm,,REF35250YBHR ,,smt,"Voltage References 650-nA quiescent current, 12-ppm/C drift, ultra-low-power precision voltage reference"
"U69, U72, U75, U78",4,TMUX1104DQAR,USON-10_1x2.5mm,,TMUX1104DQAR ,,smt,"Multiplexer Switch ICs 3-pA on-state leakage current, 5-V, 4:1, 1-channel precision multiplexer 10-USON -40 to 125"
"U70, U73, U76, U79",4,LTC6255IDC#TRMPBF,SOT_23_6,, LTC6255CS6#TRMPBF ,,smt,"Precision Amplifiers 6.5MHz, 65uA Pwr Eff R2R I/O Op Amps"
"U71, U74, U77, U80",4,ADS8860IDRCT,VSON-10_3x3mm_P0.5,, ADS8860IDRCT ,,smt,Analog to Digital Converters - ADC 16B 1MSPS Pseud-Diff inpt Micro Pwr Mini
