pos_x,pos_y,rotation,side,designator,mpn,pack,footprint,value,mount_type
117.798,-53.2235,0.0,top,C1,GRM155R71A104JA01D,,C0402,100n 10V,smt
117.798,-126.034,0.0,top,C1,GRM155R71A104JA01D,,C0402,100n 10V,smt
117.798,-82.3477,0.0,top,C1,GRM155R71A104JA01D,,C0402,100n 10V,smt
117.798,-96.9098,0.0,top,C1,GRM155R71A104JA01D,,C0402,100n 10V,smt
117.798,-140.5961,0.0,top,C1,GRM155R71A104JA01D,,C0402,100n 10V,smt
117.798,-67.7856,0.0,top,C1,GRM155R71A104JA01D,,C0402,100n 10V,smt
117.798,-111.4719,0.0,top,C1,GRM155R71A104JA01D,,C0402,100n 10V,smt
124.698,-142.7211,90.0,top,C10,GRM15XR71C332KA86D,,C0402,3n30 16V,smt
124.698,-84.4727,90.0,top,C10,GRM15XR71C332KA86D,,C0402,3n30 16V,smt
124.698,-69.9106,90.0,top,C10,GRM15XR71C332KA86D,,C0402,3n30 16V,smt
124.698,-128.159,90.0,top,C10,GRM15XR71C332KA86D,,C0402,3n30 16V,smt
124.698,-99.0348,90.0,top,C10,GRM15XR71C332KA86D,,C0402,3n30 16V,smt
124.698,-55.3485,90.0,top,C10,GRM15XR71C332KA86D,,C0402,3n30 16V,smt
124.698,-113.5969,90.0,top,C10,GRM15XR71C332KA86D,,C0402,3n30 16V,smt
121.498,-106.5469,90.0,top,C11,C0402C105K8PACTU,,C0402,1u00 10V,smt
121.498,-62.8606,90.0,top,C11,C0402C105K8PACTU,,C0402,1u00 10V,smt
121.498,-121.109,90.0,top,C11,C0402C105K8PACTU,,C0402,1u00 10V,smt
121.498,-77.4227,90.0,top,C11,C0402C105K8PACTU,,C0402,1u00 10V,smt
121.498,-91.9848,90.0,top,C11,C0402C105K8PACTU,,C0402,1u00 10V,smt
121.498,-135.6711,90.0,top,C11,C0402C105K8PACTU,,C0402,1u00 10V,smt
121.498,-48.2985,90.0,top,C11,C0402C105K8PACTU,,C0402,1u00 10V,smt
124.273,-62.8606,90.0,top,C12,GRM155R61C225KE44D,,C0402,2u20 16V,smt
124.273,-48.2985,90.0,top,C12,GRM155R61C225KE44D,,C0402,2u20 16V,smt
124.273,-91.9848,90.0,top,C12,GRM155R61C225KE44D,,C0402,2u20 16V,smt
124.273,-135.6711,90.0,top,C12,GRM155R61C225KE44D,,C0402,2u20 16V,smt
124.273,-106.5469,90.0,top,C12,GRM155R61C225KE44D,,C0402,2u20 16V,smt
124.273,-121.109,90.0,top,C12,GRM155R61C225KE44D,,C0402,2u20 16V,smt
124.273,-77.4227,90.0,top,C12,GRM155R61C225KE44D,,C0402,2u20 16V,smt
125.223,-121.109,90.0,top,C13,GRM155R61C225KE44D,,C0402,2u20 16V,smt
125.223,-135.6711,90.0,top,C13,GRM155R61C225KE44D,,C0402,2u20 16V,smt
125.223,-48.2985,90.0,top,C13,GRM155R61C225KE44D,,C0402,2u20 16V,smt
125.223,-62.8606,90.0,top,C13,GRM155R61C225KE44D,,C0402,2u20 16V,smt
125.223,-106.5469,90.0,top,C13,GRM155R61C225KE44D,,C0402,2u20 16V,smt
125.223,-77.4227,90.0,top,C13,GRM155R61C225KE44D,,C0402,2u20 16V,smt
125.223,-91.9848,90.0,top,C13,GRM155R61C225KE44D,,C0402,2u20 16V,smt
122.423,-48.2985,90.0,top,C14,C0402C105K8PACTU,,C0402,1u00 10V,smt
122.423,-77.4227,90.0,top,C14,C0402C105K8PACTU,,C0402,1u00 10V,smt
122.423,-62.8606,90.0,top,C14,C0402C105K8PACTU,,C0402,1u00 10V,smt
122.423,-135.6711,90.0,top,C14,C0402C105K8PACTU,,C0402,1u00 10V,smt
122.423,-121.109,90.0,top,C14,C0402C105K8PACTU,,C0402,1u00 10V,smt
122.423,-91.9848,90.0,top,C14,C0402C105K8PACTU,,C0402,1u00 10V,smt
122.423,-106.5469,90.0,top,C14,C0402C105K8PACTU,,C0402,1u00 10V,smt
123.348,-106.5469,90.0,top,C15,C0402C105K8PACTU,,C0402,1u00 10V,smt
123.348,-62.8606,90.0,top,C15,C0402C105K8PACTU,,C0402,1u00 10V,smt
123.348,-48.2985,90.0,top,C15,C0402C105K8PACTU,,C0402,1u00 10V,smt
123.348,-77.4227,90.0,top,C15,C0402C105K8PACTU,,C0402,1u00 10V,smt
123.348,-135.6711,90.0,top,C15,C0402C105K8PACTU,,C0402,1u00 10V,smt
123.348,-91.9848,90.0,top,C15,C0402C105K8PACTU,,C0402,1u00 10V,smt
123.348,-121.109,90.0,top,C15,C0402C105K8PACTU,,C0402,1u00 10V,smt
119.023,-137.3961,180.0,top,C16,C0402C105K8PACTU,,C0402,1u00 10V,smt
119.023,-50.0235,180.0,top,C16,C0402C105K8PACTU,,C0402,1u00 10V,smt
119.023,-122.834,180.0,top,C16,C0402C105K8PACTU,,C0402,1u00 10V,smt
119.023,-64.5856,180.0,top,C16,C0402C105K8PACTU,,C0402,1u00 10V,smt
119.023,-108.2719,180.0,top,C16,C0402C105K8PACTU,,C0402,1u00 10V,smt
119.023,-79.1477,180.0,top,C16,C0402C105K8PACTU,,C0402,1u00 10V,smt
119.023,-93.7098,180.0,top,C16,C0402C105K8PACTU,,C0402,1u00 10V,smt
140.860581,-132.731103,180.0,bottom,C17,GRM155R61C225KE44D,,C0402,2u20 16V,smt
140.860581,-105.960722,180.0,bottom,C17,GRM155R61C225KE44D,,C0402,2u20 16V,smt
140.860581,-79.207722,180.0,bottom,C17,GRM155R61C225KE44D,,C0402,2u20 16V,smt
140.860581,-52.454722,180.0,bottom,C17,GRM155R61C225KE44D,,C0402,2u20 16V,smt
139.110581,-132.721103,0.0,bottom,C18,GRM155R61C225KE44D,,C0402,2u20 16V,smt
139.110581,-105.950722,0.0,bottom,C18,GRM155R61C225KE44D,,C0402,2u20 16V,smt
139.110581,-79.197722,0.0,bottom,C18,GRM155R61C225KE44D,,C0402,2u20 16V,smt
139.110581,-52.444722,0.0,bottom,C18,GRM155R61C225KE44D,,C0402,2u20 16V,smt
142.970581,-135.336103,0.0,top,C19,C0402C105K8PACTU,,C0402,1u00 10V,smt
142.970581,-108.565722,0.0,top,C19,C0402C105K8PACTU,,C0402,1u00 10V,smt
142.970581,-81.812722,0.0,top,C19,C0402C105K8PACTU,,C0402,1u00 10V,smt
142.970581,-55.059722,0.0,top,C19,C0402C105K8PACTU,,C0402,1u00 10V,smt
117.798,-128.609,0.0,top,C2,GRM155R60J474KE19D,,C0402,470n 6V3,smt
117.798,-99.4848,0.0,top,C2,GRM155R60J474KE19D,,C0402,470n 6V3,smt
117.798,-70.3606,0.0,top,C2,GRM155R60J474KE19D,,C0402,470n 6V3,smt
117.798,-55.7985,0.0,top,C2,GRM155R60J474KE19D,,C0402,470n 6V3,smt
117.798,-143.1711,0.0,top,C2,GRM155R60J474KE19D,,C0402,470n 6V3,smt
117.798,-114.0469,0.0,top,C2,GRM155R60J474KE19D,,C0402,470n 6V3,smt
117.798,-84.9227,0.0,top,C2,GRM155R60J474KE19D,,C0402,470n 6V3,smt
141.020581,-139.552981,0.0,top,C20,C0402C105K8PACTU,,C0402,1u00 10V,smt
141.020581,-112.7826,0.0,top,C20,C0402C105K8PACTU,,C0402,1u00 10V,smt
141.020581,-86.0296,0.0,top,C20,C0402C105K8PACTU,,C0402,1u00 10V,smt
141.020581,-59.2766,0.0,top,C20,C0402C105K8PACTU,,C0402,1u00 10V,smt
145.687503,-143.707781,0.0,top,C21,CL05A226MQ5CUN,,C0402,22u0 6V3,smt
145.687503,-116.9374,0.0,top,C21,CL05A226MQ5CUN,,C0402,22u0 6V3,smt
145.687503,-90.1844,0.0,top,C21,CL05A226MQ5CUN,,C0402,22u0 6V3,smt
145.687503,-63.4314,0.0,top,C21,CL05A226MQ5CUN,,C0402,22u0 6V3,smt
145.687503,-144.746381,0.0,top,C22,CL05B103JO5NNWC ,,C0402,10n0 16V,smt
145.687503,-117.976,0.0,top,C22,CL05B103JO5NNWC ,,C0402,10n0 16V,smt
145.687503,-91.223,0.0,top,C22,CL05B103JO5NNWC ,,C0402,10n0 16V,smt
145.687503,-64.47,0.0,top,C22,CL05B103JO5NNWC ,,C0402,10n0 16V,smt
145.687503,-141.640581,0.0,top,C23,CL05A226MQ5CUN,,C0402,22u0 6V3,smt
145.687503,-114.8702,0.0,top,C23,CL05A226MQ5CUN,,C0402,22u0 6V3,smt
145.687503,-88.1172,0.0,top,C23,CL05A226MQ5CUN,,C0402,22u0 6V3,smt
145.687503,-61.3642,0.0,top,C23,CL05A226MQ5CUN,,C0402,22u0 6V3,smt
145.687503,-142.685981,0.0,top,C24,CL05B103JO5NNWC ,,C0402,10n0 16V,smt
145.687503,-115.9156,0.0,top,C24,CL05B103JO5NNWC ,,C0402,10n0 16V,smt
145.687503,-89.1626,0.0,top,C24,CL05B103JO5NNWC ,,C0402,10n0 16V,smt
145.687503,-62.4096,0.0,top,C24,CL05B103JO5NNWC ,,C0402,10n0 16V,smt
142.970581,-134.267703,180.0,top,C25,CL05A226MQ5CUN,,C0402,22u0 6V3,smt
142.970581,-107.497322,180.0,top,C25,CL05A226MQ5CUN,,C0402,22u0 6V3,smt
142.970581,-80.744322,180.0,top,C25,CL05A226MQ5CUN,,C0402,22u0 6V3,smt
142.970581,-53.991322,180.0,top,C25,CL05A226MQ5CUN,,C0402,22u0 6V3,smt
145.687503,-135.336103,180.0,top,C26,MSASJ105BB5475MFNA01,,C0402,4u70 6V3,smt
145.687503,-108.565722,180.0,top,C26,MSASJ105BB5475MFNA01,,C0402,4u70 6V3,smt
145.687503,-81.812722,180.0,top,C26,MSASJ105BB5475MFNA01,,C0402,4u70 6V3,smt
145.687503,-55.059722,180.0,top,C26,MSASJ105BB5475MFNA01,,C0402,4u70 6V3,smt
144.693381,-129.740103,90.0,bottom,C27,GRM155R71A104JA01D,,C0402,100n 10V,smt
144.693381,-102.969722,90.0,bottom,C27,GRM155R71A104JA01D,,C0402,100n 10V,smt
144.693381,-76.216722,90.0,bottom,C27,GRM155R71A104JA01D,,C0402,100n 10V,smt
144.693381,-49.463722,90.0,bottom,C27,GRM155R71A104JA01D,,C0402,100n 10V,smt
142.970581,-138.484581,0.0,top,C28,GRM155R71A104JA01D,,C0402,100n 10V,smt
142.970581,-111.7142,0.0,top,C28,GRM155R71A104JA01D,,C0402,100n 10V,smt
142.970581,-84.9612,0.0,top,C28,GRM155R71A104JA01D,,C0402,100n 10V,smt
142.970581,-58.2082,0.0,top,C28,GRM155R71A104JA01D,,C0402,100n 10V,smt
142.500581,-135.236103,-90.0,bottom,C29, GCM1555C1H681FA16J ,,C0402,680p 50V,smt
142.500581,-108.465722,-90.0,bottom,C29, GCM1555C1H681FA16J ,,C0402,680p 50V,smt
142.500581,-81.712722,-90.0,bottom,C29, GCM1555C1H681FA16J ,,C0402,680p 50V,smt
142.500581,-54.959722,-90.0,bottom,C29, GCM1555C1H681FA16J ,,C0402,680p 50V,smt
118.523,-138.4711,180.0,top,C3,GRM188R61E475KE11D,,C0603,4u70 25V,smt
118.523,-123.909,180.0,top,C3,GRM188R61E475KE11D,,C0603,4u70 25V,smt
118.523,-80.2227,180.0,top,C3,GRM188R61E475KE11D,,C0603,4u70 25V,smt
118.523,-94.7848,180.0,top,C3,GRM188R61E475KE11D,,C0603,4u70 25V,smt
118.523,-65.6606,180.0,top,C3,GRM188R61E475KE11D,,C0603,4u70 25V,smt
118.523,-51.0985,180.0,top,C3,GRM188R61E475KE11D,,C0603,4u70 25V,smt
118.523,-109.3469,180.0,top,C3,GRM188R61E475KE11D,,C0603,4u70 25V,smt
148.865581,-135.751103,180.0,bottom,C30,GRM155R71A104JA01D,,C0402,100n 10V,smt
148.865581,-108.980722,180.0,bottom,C30,GRM155R71A104JA01D,,C0402,100n 10V,smt
148.865581,-82.227722,180.0,bottom,C30,GRM155R71A104JA01D,,C0402,100n 10V,smt
148.865581,-55.474722,180.0,bottom,C30,GRM155R71A104JA01D,,C0402,100n 10V,smt
138.850581,-144.746381,180.0,top,C31,C0402C105K8PACTU,,C0402,1u00 10V,smt
138.850581,-117.976,180.0,top,C31,C0402C105K8PACTU,,C0402,1u00 10V,smt
138.850581,-91.223,180.0,top,C31,C0402C105K8PACTU,,C0402,1u00 10V,smt
138.850581,-64.47,180.0,top,C31,C0402C105K8PACTU,,C0402,1u00 10V,smt
138.850581,-140.621381,180.0,top,C32,C0402C105K8PACTU,,C0402,1u00 10V,smt
138.850581,-113.851,180.0,top,C32,C0402C105K8PACTU,,C0402,1u00 10V,smt
138.850581,-87.098,180.0,top,C32,C0402C105K8PACTU,,C0402,1u00 10V,smt
138.850581,-60.345,180.0,top,C32,C0402C105K8PACTU,,C0402,1u00 10V,smt
142.970581,-139.552981,0.0,top,C33,C0402C105K8PACTU,,C0402,1u00 10V,smt
142.970581,-112.7826,0.0,top,C33,C0402C105K8PACTU,,C0402,1u00 10V,smt
142.970581,-86.0296,0.0,top,C33,C0402C105K8PACTU,,C0402,1u00 10V,smt
142.970581,-59.2766,0.0,top,C33,C0402C105K8PACTU,,C0402,1u00 10V,smt
120.873,-97.7848,-90.0,top,C4,GRM188R61E475KE11D,,C0603,4u70 25V,smt
120.873,-141.4711,-90.0,top,C4,GRM188R61E475KE11D,,C0603,4u70 25V,smt
120.873,-54.0985,-90.0,top,C4,GRM188R61E475KE11D,,C0603,4u70 25V,smt
120.873,-112.3469,-90.0,top,C4,GRM188R61E475KE11D,,C0603,4u70 25V,smt
120.873,-126.909,-90.0,top,C4,GRM188R61E475KE11D,,C0603,4u70 25V,smt
120.873,-83.2227,-90.0,top,C4,GRM188R61E475KE11D,,C0603,4u70 25V,smt
120.873,-68.6606,-90.0,top,C4,GRM188R61E475KE11D,,C0603,4u70 25V,smt
123.098,-140.6711,0.0,top,C5,GRM188R61A226ME15D,,C0603,22u0 10V,smt
123.098,-111.5469,0.0,top,C5,GRM188R61A226ME15D,,C0603,22u0 10V,smt
123.098,-82.4227,0.0,top,C5,GRM188R61A226ME15D,,C0603,22u0 10V,smt
123.098,-126.109,0.0,top,C5,GRM188R61A226ME15D,,C0603,22u0 10V,smt
123.098,-67.8606,0.0,top,C5,GRM188R61A226ME15D,,C0603,22u0 10V,smt
123.098,-96.9848,0.0,top,C5,GRM188R61A226ME15D,,C0603,22u0 10V,smt
123.098,-53.2985,0.0,top,C5,GRM188R61A226ME15D,,C0603,22u0 10V,smt
98.145,-86.959,180.0,top,C58,GRM155R71A104JA01D,,C0402,100n 10V,smt
98.145,-61.588,180.0,top,C58,GRM155R71A104JA01D,,C0402,100n 10V,smt
98.145,-112.33,180.0,top,C58,GRM155R71A104JA01D,,C0402,100n 10V,smt
98.145,-137.701,180.0,top,C58,GRM155R71A104JA01D,,C0402,100n 10V,smt
104.368,-61.715,180.0,top,C59,GRM155R71A104JA01D,,C0402,100n 10V,smt
104.368,-137.828,180.0,top,C59,GRM155R71A104JA01D,,C0402,100n 10V,smt
104.368,-87.086,180.0,top,C59,GRM155R71A104JA01D,,C0402,100n 10V,smt
104.368,-112.457,180.0,top,C59,GRM155R71A104JA01D,,C0402,100n 10V,smt
119.523,-54.0985,-90.0,top,C6,GRM188R61A226ME15D,,C0603,22u0 10V,smt
119.523,-126.909,-90.0,top,C6,GRM188R61A226ME15D,,C0603,22u0 10V,smt
119.523,-141.4711,-90.0,top,C6,GRM188R61A226ME15D,,C0603,22u0 10V,smt
119.523,-83.2227,-90.0,top,C6,GRM188R61A226ME15D,,C0603,22u0 10V,smt
119.523,-68.6606,-90.0,top,C6,GRM188R61A226ME15D,,C0603,22u0 10V,smt
119.523,-112.3469,-90.0,top,C6,GRM188R61A226ME15D,,C0603,22u0 10V,smt
119.523,-97.7848,-90.0,top,C6,GRM188R61A226ME15D,,C0603,22u0 10V,smt
158.969162,-105.613333,180.0,top,C60,GRM155R71A104JA01D,,C0402,100n 10V,smt
158.969162,-90.748333,180.0,top,C60,GRM155R71A104JA01D,,C0402,100n 10V,smt
158.969162,-75.883333,180.0,top,C60,GRM155R71A104JA01D,,C0402,100n 10V,smt
158.969162,-120.478333,180.0,top,C60,GRM155R71A104JA01D,,C0402,100n 10V,smt
158.969162,-61.018333,180.0,top,C60,GRM155R71A104JA01D,,C0402,100n 10V,smt
158.969162,-46.153333,180.0,top,C60,GRM155R71A104JA01D,,C0402,100n 10V,smt
158.969162,-135.342333,180.0,top,C60,GRM155R71A104JA01D,,C0402,100n 10V,smt
165.619162,-105.610833,180.0,top,C61,GRM155R71A104JA01D,,C0402,100n 10V,smt
165.619162,-61.015833,180.0,top,C61,GRM155R71A104JA01D,,C0402,100n 10V,smt
165.619162,-90.745833,180.0,top,C61,GRM155R71A104JA01D,,C0402,100n 10V,smt
165.619162,-46.150833,180.0,top,C61,GRM155R71A104JA01D,,C0402,100n 10V,smt
165.619162,-135.339833,180.0,top,C61,GRM155R71A104JA01D,,C0402,100n 10V,smt
165.619162,-75.880833,180.0,top,C61,GRM155R71A104JA01D,,C0402,100n 10V,smt
165.619162,-120.475833,180.0,top,C61,GRM155R71A104JA01D,,C0402,100n 10V,smt
107.416,-106.615,-90.0,top,C62,GRM155R71A104JA01D,,C0402,100n 10V,smt
107.416,-81.244,-90.0,top,C62,GRM155R71A104JA01D,,C0402,100n 10V,smt
107.416,-131.986,-90.0,top,C62,GRM155R71A104JA01D,,C0402,100n 10V,smt
107.416,-55.873,-90.0,top,C62,GRM155R71A104JA01D,,C0402,100n 10V,smt
104.495,-74.894,180.0,top,C63,GRM155R71A104JA01D,,C0402,100n 10V,smt
104.495,-125.636,180.0,top,C63,GRM155R71A104JA01D,,C0402,100n 10V,smt
104.495,-100.265,180.0,top,C63,GRM155R71A104JA01D,,C0402,100n 10V,smt
104.495,-49.523,180.0,top,C63,GRM155R71A104JA01D,,C0402,100n 10V,smt
98.018,-49.523,180.0,top,C64,GRM155R71A104JA01D,,C0402,100n 10V,smt
98.018,-125.636,180.0,top,C64,GRM155R71A104JA01D,,C0402,100n 10V,smt
98.018,-74.894,180.0,top,C64,GRM155R71A104JA01D,,C0402,100n 10V,smt
98.018,-100.265,180.0,top,C64,GRM155R71A104JA01D,,C0402,100n 10V,smt
95.224,-81.371,-90.0,top,C65,GRM155R71A104JA01D,,C0402,100n 10V,smt
95.224,-132.113,-90.0,top,C65,GRM155R71A104JA01D,,C0402,100n 10V,smt
95.224,-56.0,-90.0,top,C65,GRM155R71A104JA01D,,C0402,100n 10V,smt
95.224,-106.742,-90.0,top,C65,GRM155R71A104JA01D,,C0402,100n 10V,smt
96.357,-86.959,0.0,top,C66,GRM155R71A104JA01D,,C0402,100n 10V,smt
96.357,-61.588,0.0,top,C66,GRM155R71A104JA01D,,C0402,100n 10V,smt
96.357,-112.33,0.0,top,C66,GRM155R71A104JA01D,,C0402,100n 10V,smt
96.357,-137.701,0.0,top,C66,GRM155R71A104JA01D,,C0402,100n 10V,smt
106.146,-112.457,180.0,top,C67,GRM155R71A104JA01D,,C0402,100n 10V,smt
106.146,-137.828,180.0,top,C67,GRM155R71A104JA01D,,C0402,100n 10V,smt
106.146,-87.086,180.0,top,C67,GRM155R71A104JA01D,,C0402,100n 10V,smt
106.146,-61.715,180.0,top,C67,GRM155R71A104JA01D,,C0402,100n 10V,smt
107.416,-54.095,-90.0,top,C68,GRM155R71A104JA01D,,C0402,100n 10V,smt
107.416,-104.837,-90.0,top,C68,GRM155R71A104JA01D,,C0402,100n 10V,smt
107.416,-130.208,-90.0,top,C68,GRM155R71A104JA01D,,C0402,100n 10V,smt
107.416,-79.466,-90.0,top,C68,GRM155R71A104JA01D,,C0402,100n 10V,smt
95.224,-79.593,-90.0,top,C69,GRM155R71A104JA01D,,C0402,100n 10V,smt
95.224,-54.222,-90.0,top,C69,GRM155R71A104JA01D,,C0402,100n 10V,smt
95.224,-104.964,-90.0,top,C69,GRM155R71A104JA01D,,C0402,100n 10V,smt
95.224,-130.335,-90.0,top,C69,GRM155R71A104JA01D,,C0402,100n 10V,smt
126.073,-96.6848,0.0,top,C7,GRM188R61A226ME15D,,C0603,22u0 10V,smt
126.073,-52.9985,0.0,top,C7,GRM188R61A226ME15D,,C0603,22u0 10V,smt
126.073,-140.3711,0.0,top,C7,GRM188R61A226ME15D,,C0603,22u0 10V,smt
126.073,-111.2469,0.0,top,C7,GRM188R61A226ME15D,,C0603,22u0 10V,smt
126.073,-67.5606,0.0,top,C7,GRM188R61A226ME15D,,C0603,22u0 10V,smt
126.073,-82.1227,0.0,top,C7,GRM188R61A226ME15D,,C0603,22u0 10V,smt
126.073,-125.809,0.0,top,C7,GRM188R61A226ME15D,,C0603,22u0 10V,smt
99.796,-49.523,180.0,top,C70,GRM155R71A104JA01D,,C0402,100n 10V,smt
99.796,-125.636,180.0,top,C70,GRM155R71A104JA01D,,C0402,100n 10V,smt
99.796,-100.265,180.0,top,C70,GRM155R71A104JA01D,,C0402,100n 10V,smt
99.796,-74.894,180.0,top,C70,GRM155R71A104JA01D,,C0402,100n 10V,smt
95.224,-128.43,-90.0,top,C71,GRM155R71A104JA01D,,C0402,100n 10V,smt
95.224,-52.317,-90.0,top,C71,GRM155R71A104JA01D,,C0402,100n 10V,smt
95.224,-77.688,-90.0,top,C71,GRM155R71A104JA01D,,C0402,100n 10V,smt
95.224,-103.059,-90.0,top,C71,GRM155R71A104JA01D,,C0402,100n 10V,smt
102.211669,-114.5545,180.0,top,C72,GRM155R71A104JA01D,,C0402,100n 10V,smt
102.211669,-89.1835,180.0,top,C72,GRM155R71A104JA01D,,C0402,100n 10V,smt
102.211669,-63.8125,180.0,top,C72,GRM155R71A104JA01D,,C0402,100n 10V,smt
102.211669,-139.9255,180.0,top,C72,GRM155R71A104JA01D,,C0402,100n 10V,smt
98.548,-117.421,180.0,top,C73,GRM155R71A104JA01D,,C0402,100n 10V,smt
98.548,-66.679,180.0,top,C73,GRM155R71A104JA01D,,C0402,100n 10V,smt
98.548,-142.792,180.0,top,C73,GRM155R71A104JA01D,,C0402,100n 10V,smt
98.548,-92.05,180.0,top,C73,GRM155R71A104JA01D,,C0402,100n 10V,smt
106.937,-66.199,-90.0,top,C74,GRM155R71A104JA01D,,C0402,100n 10V,smt
106.937,-116.941,-90.0,top,C74,GRM155R71A104JA01D,,C0402,100n 10V,smt
106.937,-142.312,-90.0,top,C74,GRM155R71A104JA01D,,C0402,100n 10V,smt
106.937,-91.57,-90.0,top,C74,GRM155R71A104JA01D,,C0402,100n 10V,smt
105.087,-63.701,-90.0,top,C75,GRM155R71A104JA01D,,C0402,100n 10V,smt
105.087,-89.072,-90.0,top,C75,GRM155R71A104JA01D,,C0402,100n 10V,smt
105.087,-114.443,-90.0,top,C75,GRM155R71A104JA01D,,C0402,100n 10V,smt
105.087,-139.814,-90.0,top,C75,GRM155R71A104JA01D,,C0402,100n 10V,smt
102.211669,-92.05,180.0,top,C76,GRM155R71A104JA01D,,C0402,100n 10V,smt
102.211669,-66.679,180.0,top,C76,GRM155R71A104JA01D,,C0402,100n 10V,smt
102.211669,-117.421,180.0,top,C76,GRM155R71A104JA01D,,C0402,100n 10V,smt
102.211669,-142.792,180.0,top,C76,GRM155R71A104JA01D,,C0402,100n 10V,smt
142.970581,-140.621381,0.0,top,C77,GRM155R71A104JA01D,,C0402,100n 10V,smt
142.970581,-113.851,0.0,top,C77,GRM155R71A104JA01D,,C0402,100n 10V,smt
142.970581,-87.098,0.0,top,C77,GRM155R71A104JA01D,,C0402,100n 10V,smt
142.970581,-60.345,0.0,top,C77,GRM155R71A104JA01D,,C0402,100n 10V,smt
142.970581,-143.707781,0.0,top,C78,GRM155R60G106ME01D,,C0402,10u0 4V,smt
142.970581,-116.9374,0.0,top,C78,GRM155R60G106ME01D,,C0402,10u0 4V,smt
142.970581,-90.1844,0.0,top,C78,GRM155R60G106ME01D,,C0402,10u0 4V,smt
142.970581,-63.4314,0.0,top,C78,GRM155R60G106ME01D,,C0402,10u0 4V,smt
144.900581,-132.761103,0.0,bottom,C79,CL05A226MQ5CUN,,C0402,22u0 6V3,smt
144.900581,-105.990722,0.0,bottom,C79,CL05A226MQ5CUN,,C0402,22u0 6V3,smt
144.900581,-79.237722,0.0,bottom,C79,CL05A226MQ5CUN,,C0402,22u0 6V3,smt
144.900581,-52.484722,0.0,bottom,C79,CL05A226MQ5CUN,,C0402,22u0 6V3,smt
126.073,-138.9711,0.0,top,C8,GRM188R61A226ME15D,,C0603,22u0 10V,smt
126.073,-51.5985,0.0,top,C8,GRM188R61A226ME15D,,C0603,22u0 10V,smt
126.073,-80.7227,0.0,top,C8,GRM188R61A226ME15D,,C0603,22u0 10V,smt
126.073,-66.1606,0.0,top,C8,GRM188R61A226ME15D,,C0603,22u0 10V,smt
126.073,-95.2848,0.0,top,C8,GRM188R61A226ME15D,,C0603,22u0 10V,smt
126.073,-124.409,0.0,top,C8,GRM188R61A226ME15D,,C0603,22u0 10V,smt
126.073,-109.8469,0.0,top,C8,GRM188R61A226ME15D,,C0603,22u0 10V,smt
144.900581,-133.681103,0.0,bottom,C80,GRM155R71A104JA01D,,C0402,100n 10V,smt
144.900581,-106.910722,0.0,bottom,C80,GRM155R71A104JA01D,,C0402,100n 10V,smt
144.900581,-80.157722,0.0,bottom,C80,GRM155R71A104JA01D,,C0402,100n 10V,smt
144.900581,-53.404722,0.0,bottom,C80,GRM155R71A104JA01D,,C0402,100n 10V,smt
141.020581,-140.621381,180.0,top,C81,GRM155R71A104JA01D,,C0402,100n 10V,smt
141.020581,-113.851,180.0,top,C81,GRM155R71A104JA01D,,C0402,100n 10V,smt
141.020581,-87.098,180.0,top,C81,GRM155R71A104JA01D,,C0402,100n 10V,smt
141.020581,-60.345,180.0,top,C81,GRM155R71A104JA01D,,C0402,100n 10V,smt
141.020581,-135.336103,180.0,top,C82,GRM155R71A104JA01D,,C0402,100n 10V,smt
141.020581,-108.565722,180.0,top,C82,GRM155R71A104JA01D,,C0402,100n 10V,smt
141.020581,-81.812722,180.0,top,C82,GRM155R71A104JA01D,,C0402,100n 10V,smt
141.020581,-55.059722,180.0,top,C82,GRM155R71A104JA01D,,C0402,100n 10V,smt
142.980581,-144.746381,0.0,top,C83,GRM155R71A104JA01D,,C0402,100n 10V,smt
142.980581,-117.976,0.0,top,C83,GRM155R71A104JA01D,,C0402,100n 10V,smt
142.980581,-91.223,0.0,top,C83,GRM155R71A104JA01D,,C0402,100n 10V,smt
142.980581,-64.47,0.0,top,C83,GRM155R71A104JA01D,,C0402,100n 10V,smt
126.073,-50.1985,0.0,top,C9,GRM188R61A226ME15D,,C0603,22u0 10V,smt
126.073,-123.009,0.0,top,C9,GRM188R61A226ME15D,,C0603,22u0 10V,smt
126.073,-93.8848,0.0,top,C9,GRM188R61A226ME15D,,C0603,22u0 10V,smt
126.073,-108.4469,0.0,top,C9,GRM188R61A226ME15D,,C0603,22u0 10V,smt
126.073,-79.3227,0.0,top,C9,GRM188R61A226ME15D,,C0603,22u0 10V,smt
126.073,-137.5711,0.0,top,C9,GRM188R61A226ME15D,,C0603,22u0 10V,smt
126.073,-64.7606,0.0,top,C9,GRM188R61A226ME15D,,C0603,22u0 10V,smt
144.324703,-144.247781,90.0,top,FB2, LI0402B301R-10 ,,L0402,300R,smt
144.324703,-117.4774,90.0,top,FB2, LI0402B301R-10 ,,L0402,300R,smt
144.324703,-90.7244,90.0,top,FB2, LI0402B301R-10 ,,L0402,300R,smt
144.324703,-63.9714,90.0,top,FB2, LI0402B301R-10 ,,L0402,300R,smt
122.5105,-110.1344,0.0,top,J1,,,Power_Board_Castellated_Conn_1.27mm,~,smt
122.5105,-139.2586,0.0,top,J1,,,Power_Board_Castellated_Conn_1.27mm,~,smt
122.5105,-95.5723,0.0,top,J1,,,Power_Board_Castellated_Conn_1.27mm,~,smt
122.5105,-124.6965,0.0,top,J1,,,Power_Board_Castellated_Conn_1.27mm,~,smt
122.5105,-66.4481,0.0,top,J1,,,Power_Board_Castellated_Conn_1.27mm,~,smt
122.5105,-81.0102,0.0,top,J1,,,Power_Board_Castellated_Conn_1.27mm,~,smt
122.5105,-51.886,0.0,top,J1,,,Power_Board_Castellated_Conn_1.27mm,~,smt
138.363581,-130.790703,0.0,bottom,J10, 212134-0003 ,,2121340003,212134-0003,smt
138.363581,-104.020322,0.0,bottom,J10, 212134-0003 ,,2121340003,212134-0003,smt
138.363581,-77.267322,0.0,bottom,J10, 212134-0003 ,,2121340003,212134-0003,smt
138.363581,-50.514322,0.0,bottom,J10, 212134-0003 ,,2121340003,212134-0003,smt
148.136581,-130.790703,180.0,top,J11, 212134-0003 ,,2121340003,212134-0003,smt
148.136581,-104.020322,180.0,top,J11, 212134-0003 ,,2121340003,212134-0003,smt
148.136581,-77.267322,180.0,top,J11, 212134-0003 ,,2121340003,212134-0003,smt
148.136581,-50.514322,180.0,top,J11, 212134-0003 ,,2121340003,212134-0003,smt
148.136581,-130.790703,0.0,bottom,J12, 212134-0003 ,,2121340003,212134-0003,smt
148.136581,-104.020322,0.0,bottom,J12, 212134-0003 ,,2121340003,212134-0003,smt
148.136581,-77.267322,0.0,bottom,J12, 212134-0003 ,,2121340003,212134-0003,smt
148.136581,-50.514322,0.0,bottom,J12, 212134-0003 ,,2121340003,212134-0003,smt
143.250081,-134.818703,0.0,top,J13,,,ADC_Board_Castellated_Conn_1.27mm,~,smt
143.250081,-108.048322,0.0,top,J13,,,ADC_Board_Castellated_Conn_1.27mm,~,smt
143.250081,-81.295322,0.0,top,J13,,,ADC_Board_Castellated_Conn_1.27mm,~,smt
143.250081,-54.542322,0.0,top,J13,,,ADC_Board_Castellated_Conn_1.27mm,~,smt
138.363581,-130.790703,180.0,top,J2, 212134-0003 ,,2121340003,212134-0003,smt
138.363581,-104.020322,180.0,top,J2, 212134-0003 ,,2121340003,212134-0003,smt
138.363581,-77.267322,180.0,top,J2, 212134-0003 ,,2121340003,212134-0003,smt
138.363581,-50.514322,180.0,top,J2, 212134-0003 ,,2121340003,212134-0003,smt
101.32,-109.536,0.0,top,J8,,,CHEEP_Board_Castellated_Conn_1.27mm,~,smt
101.32,-58.794,0.0,top,J8,,,CHEEP_Board_Castellated_Conn_1.27mm,~,smt
101.32,-134.907,0.0,top,J8,,,CHEEP_Board_Castellated_Conn_1.27mm,~,smt
101.32,-84.165,0.0,top,J8,,,CHEEP_Board_Castellated_Conn_1.27mm,~,smt
164.654162,-125.310833,180.0,top,J9,,,Memory_Board_Castellated_Conn_1.27mm,~,smt
164.654162,-95.580833,180.0,top,J9,,,Memory_Board_Castellated_Conn_1.27mm,~,smt
164.654162,-80.715833,180.0,top,J9,,,Memory_Board_Castellated_Conn_1.27mm,~,smt
164.654162,-140.174833,180.0,top,J9,,,Memory_Board_Castellated_Conn_1.27mm,~,smt
164.654162,-65.850833,180.0,top,J9,,,Memory_Board_Castellated_Conn_1.27mm,~,smt
164.654162,-110.445833,180.0,top,J9,,,Memory_Board_Castellated_Conn_1.27mm,~,smt
164.654162,-50.985833,180.0,top,J9,,,Memory_Board_Castellated_Conn_1.27mm,~,smt
122.973,-55.3485,180.0,top,L2,DFE201612E-1R5M=P2,,L0806,1u50,smt
122.973,-69.9106,180.0,top,L2,DFE201612E-1R5M=P2,,L0806,1u50,smt
122.973,-142.7211,180.0,top,L2,DFE201612E-1R5M=P2,,L0806,1u50,smt
122.973,-128.159,180.0,top,L2,DFE201612E-1R5M=P2,,L0806,1u50,smt
122.973,-99.0348,180.0,top,L2,DFE201612E-1R5M=P2,,L0806,1u50,smt
122.973,-84.4727,180.0,top,L2,DFE201612E-1R5M=P2,,L0806,1u50,smt
122.973,-113.5969,180.0,top,L2,DFE201612E-1R5M=P2,,L0806,1u50,smt
102.201,-87.982,180.0,top,OSC2,SIT1532AC-J5-DCC-32.768D,,SIT1532AC,SIT1532AC-J5-DCC-32.768D,smt
102.201,-62.611,180.0,top,OSC2,SIT1532AC-J5-DCC-32.768D,,SIT1532AC,SIT1532AC-J5-DCC-32.768D,smt
102.201,-113.353,180.0,top,OSC2,SIT1532AC-J5-DCC-32.768D,,SIT1532AC,SIT1532AC-J5-DCC-32.768D,smt
102.201,-138.724,180.0,top,OSC2,SIT1532AC-J5-DCC-32.768D,,SIT1532AC,SIT1532AC-J5-DCC-32.768D,smt
117.318,-121.109,90.0,top,R1,CRCW040210K0FKEDHP,,R0402,10K0,smt
117.318,-91.9848,90.0,top,R1,CRCW040210K0FKEDHP,,R0402,10K0,smt
117.318,-135.6711,90.0,top,R1,CRCW040210K0FKEDHP,,R0402,10K0,smt
117.318,-106.5469,90.0,top,R1,CRCW040210K0FKEDHP,,R0402,10K0,smt
117.318,-48.2985,90.0,top,R1,CRCW040210K0FKEDHP,,R0402,10K0,smt
117.318,-77.4227,90.0,top,R1,CRCW040210K0FKEDHP,,R0402,10K0,smt
117.318,-62.8606,90.0,top,R1,CRCW040210K0FKEDHP,,R0402,10K0,smt
143.940581,-134.756103,180.0,bottom,R10,RT0402BRD0739RL ,,R0402,39R0,smt
143.940581,-107.985722,180.0,bottom,R10,RT0402BRD0739RL ,,R0402,39R0,smt
143.940581,-81.232722,180.0,bottom,R10,RT0402BRD0739RL ,,R0402,39R0,smt
143.940581,-54.479722,180.0,bottom,R10,RT0402BRD0739RL ,,R0402,39R0,smt
138.850581,-139.552981,0.0,top,R11,ERA-2ARC102X,,R0402,1K00,smt
138.850581,-112.7826,0.0,top,R11,ERA-2ARC102X,,R0402,1K00,smt
138.850581,-86.0296,0.0,top,R11,ERA-2ARC102X,,R0402,1K00,smt
138.850581,-59.2766,0.0,top,R11,ERA-2ARC102X,,R0402,1K00,smt
141.020581,-144.746381,180.0,top,R12,ERA-2ARC102X,,R0402,1K00,smt
141.020581,-117.976,180.0,top,R12,ERA-2ARC102X,,R0402,1K00,smt
141.020581,-91.223,180.0,top,R12,ERA-2ARC102X,,R0402,1K00,smt
141.020581,-64.47,180.0,top,R12,ERA-2ARC102X,,R0402,1K00,smt
138.850581,-134.267703,0.0,top,R13, ERA-2ARC203X ,,R0402,20K0,smt
138.850581,-107.497322,0.0,top,R13, ERA-2ARC203X ,,R0402,20K0,smt
138.850581,-80.744322,0.0,top,R13, ERA-2ARC203X ,,R0402,20K0,smt
138.850581,-53.991322,0.0,top,R13, ERA-2ARC203X ,,R0402,20K0,smt
145.687503,-140.621381,0.0,top,R14,CRCW0402169KFKTD ,,R0402,169K,smt
145.687503,-113.851,0.0,top,R14,CRCW0402169KFKTD ,,R0402,169K,smt
145.687503,-87.098,0.0,top,R14,CRCW0402169KFKTD ,,R0402,169K,smt
145.687503,-60.345,0.0,top,R14,CRCW0402169KFKTD ,,R0402,169K,smt
148.104503,-137.127381,-90.0,top,R15,CRCW04021M33FKED ,,R0402,1M33,smt
148.104503,-110.357,-90.0,top,R15,CRCW04021M33FKED ,,R0402,1M33,smt
148.104503,-83.604,-90.0,top,R15,CRCW04021M33FKED ,,R0402,1M33,smt
148.104503,-56.851,-90.0,top,R15,CRCW04021M33FKED ,,R0402,1M33,smt
147.624503,-143.707781,0.0,top,R16, ERJ-2BQJR30X ,,R0402,0R30,smt
147.624503,-116.9374,0.0,top,R16, ERJ-2BQJR30X ,,R0402,0R30,smt
147.624503,-90.1844,0.0,top,R16, ERJ-2BQJR30X ,,R0402,0R30,smt
147.624503,-63.4314,0.0,top,R16, ERJ-2BQJR30X ,,R0402,0R30,smt
147.624503,-144.746381,0.0,top,R17, CRCW04021R00FKEDHP ,,R0402,1R00,smt
147.624503,-117.976,0.0,top,R17, CRCW04021R00FKEDHP ,,R0402,1R00,smt
147.624503,-91.223,0.0,top,R17, CRCW04021R00FKEDHP ,,R0402,1R00,smt
147.624503,-64.47,0.0,top,R17, CRCW04021R00FKEDHP ,,R0402,1R00,smt
147.624503,-141.641981,0.0,top,R18, ERJ-2BQJR30X ,,R0402,0R30,smt
147.624503,-114.8716,0.0,top,R18, ERJ-2BQJR30X ,,R0402,0R30,smt
147.624503,-88.1186,0.0,top,R18, ERJ-2BQJR30X ,,R0402,0R30,smt
147.624503,-61.3656,0.0,top,R18, ERJ-2BQJR30X ,,R0402,0R30,smt
147.624503,-142.685981,0.0,top,R19, CRCW04021R00FKEDHP ,,R0402,1R00,smt
147.624503,-115.9156,0.0,top,R19, CRCW04021R00FKEDHP ,,R0402,1R00,smt
147.624503,-89.1626,0.0,top,R19, CRCW04021R00FKEDHP ,,R0402,1R00,smt
147.624503,-62.4096,0.0,top,R19, CRCW04021R00FKEDHP ,,R0402,1R00,smt
118.148,-135.6711,90.0,top,R2,RK73Z1ETTP,,R0402,0R00,smt
118.148,-48.2985,90.0,top,R2,RK73Z1ETTP,,R0402,0R00,smt
118.148,-106.5469,90.0,top,R2,RK73Z1ETTP,,R0402,0R00,smt
118.148,-121.109,90.0,top,R2,RK73Z1ETTP,,R0402,0R00,smt
118.148,-91.9848,90.0,top,R2,RK73Z1ETTP,,R0402,0R00,smt
118.148,-77.4227,90.0,top,R2,RK73Z1ETTP,,R0402,0R00,smt
118.148,-62.8606,90.0,top,R2,RK73Z1ETTP,,R0402,0R00,smt
143.940581,-135.716103,180.0,bottom,R3,RT0402BRD0739RL ,,R0402,39R0,smt
143.940581,-108.945722,180.0,bottom,R3,RT0402BRD0739RL ,,R0402,39R0,smt
143.940581,-82.192722,180.0,bottom,R3,RT0402BRD0739RL ,,R0402,39R0,smt
143.940581,-55.439722,180.0,bottom,R3,RT0402BRD0739RL ,,R0402,39R0,smt
96.598,-92.025,180.0,top,R39,CRCW040210K0FKEDHP,,R0402,10K0,smt
96.598,-117.396,180.0,top,R39,CRCW040210K0FKEDHP,,R0402,10K0,smt
96.598,-66.654,180.0,top,R39,CRCW040210K0FKEDHP,,R0402,10K0,smt
96.598,-142.767,180.0,top,R39,CRCW040210K0FKEDHP,,R0402,10K0,smt
137.325581,-135.236103,-90.0,bottom,R4,CRCW040222R0FKED,,R0402,22R0,smt
137.325581,-108.465722,-90.0,bottom,R4,CRCW040222R0FKED,,R0402,22R0,smt
137.325581,-81.712722,-90.0,bottom,R4,CRCW040222R0FKED,,R0402,22R0,smt
137.325581,-54.959722,-90.0,bottom,R4,CRCW040222R0FKED,,R0402,22R0,smt
95.224,-60.191,90.0,top,R40,CRCW040210K0FKEDHP,,R0402,10K0,smt
95.224,-136.304,90.0,top,R40,CRCW040210K0FKEDHP,,R0402,10K0,smt
95.224,-110.933,90.0,top,R40,CRCW040210K0FKEDHP,,R0402,10K0,smt
95.224,-85.562,90.0,top,R40,CRCW040210K0FKEDHP,,R0402,10K0,smt
95.224,-134.526,-90.0,top,R41,CRCW040210K0FKEDHP,,R0402,10K0,smt
95.224,-58.413,-90.0,top,R41,CRCW040210K0FKEDHP,,R0402,10K0,smt
95.224,-83.784,-90.0,top,R41,CRCW040210K0FKEDHP,,R0402,10K0,smt
95.224,-109.155,-90.0,top,R41,CRCW040210K0FKEDHP,,R0402,10K0,smt
95.363,-141.223,-90.0,top,R42,CRCW040210K0FKEDHP,,R0402,10K0,smt
95.363,-90.481,-90.0,top,R42,CRCW040210K0FKEDHP,,R0402,10K0,smt
95.363,-115.852,-90.0,top,R42,CRCW040210K0FKEDHP,,R0402,10K0,smt
95.363,-65.11,-90.0,top,R42,CRCW040210K0FKEDHP,,R0402,10K0,smt
100.212,-139.437,90.0,top,R43,CRCW040210K0FKEDHP,,R0402,10K0,smt
100.212,-114.066,90.0,top,R43,CRCW040210K0FKEDHP,,R0402,10K0,smt
100.212,-88.695,90.0,top,R43,CRCW040210K0FKEDHP,,R0402,10K0,smt
100.212,-63.324,90.0,top,R43,CRCW040210K0FKEDHP,,R0402,10K0,smt
95.363,-114.074,90.0,top,R44,CRCW040210K0FKEDHP,,R0402,10K0,smt
95.363,-88.703,90.0,top,R44,CRCW040210K0FKEDHP,,R0402,10K0,smt
95.363,-63.332,90.0,top,R44,CRCW040210K0FKEDHP,,R0402,10K0,smt
95.363,-139.445,90.0,top,R44,CRCW040210K0FKEDHP,,R0402,10K0,smt
100.212,-141.223,-90.0,top,R45,CRCW040210K0FKEDHP,,R0402,10K0,smt
100.212,-90.481,-90.0,top,R45,CRCW040210K0FKEDHP,,R0402,10K0,smt
100.212,-115.852,-90.0,top,R45,CRCW040210K0FKEDHP,,R0402,10K0,smt
100.212,-65.11,-90.0,top,R45,CRCW040210K0FKEDHP,,R0402,10K0,smt
158.969162,-70.683333,0.0,top,R46,CRCW040210K0FKEDHP,,R0402,10K0,smt
158.969162,-85.548333,0.0,top,R46,CRCW040210K0FKEDHP,,R0402,10K0,smt
158.969162,-145.007333,0.0,top,R46,CRCW040210K0FKEDHP,,R0402,10K0,smt
158.969162,-130.143333,0.0,top,R46,CRCW040210K0FKEDHP,,R0402,10K0,smt
158.969162,-55.818333,0.0,top,R46,CRCW040210K0FKEDHP,,R0402,10K0,smt
158.969162,-100.413333,0.0,top,R46,CRCW040210K0FKEDHP,,R0402,10K0,smt
158.969162,-115.278333,0.0,top,R46,CRCW040210K0FKEDHP,,R0402,10K0,smt
162.684162,-105.610833,180.0,top,R47,CRCW040210K0FKEDHP,,R0402,10K0,smt
162.684162,-61.015833,180.0,top,R47,CRCW040210K0FKEDHP,,R0402,10K0,smt
162.684162,-120.475833,180.0,top,R47,CRCW040210K0FKEDHP,,R0402,10K0,smt
162.684162,-75.880833,180.0,top,R47,CRCW040210K0FKEDHP,,R0402,10K0,smt
162.684162,-46.150833,180.0,top,R47,CRCW040210K0FKEDHP,,R0402,10K0,smt
162.684162,-90.745833,180.0,top,R47,CRCW040210K0FKEDHP,,R0402,10K0,smt
162.684162,-135.339833,180.0,top,R47,CRCW040210K0FKEDHP,,R0402,10K0,smt
162.684162,-70.683333,180.0,top,R48,CRCW040210K0FKEDHP,,R0402,10K0,smt
162.684162,-85.548333,180.0,top,R48,CRCW040210K0FKEDHP,,R0402,10K0,smt
162.684162,-130.143333,180.0,top,R48,CRCW040210K0FKEDHP,,R0402,10K0,smt
162.684162,-55.818333,180.0,top,R48,CRCW040210K0FKEDHP,,R0402,10K0,smt
162.684162,-100.413333,180.0,top,R48,CRCW040210K0FKEDHP,,R0402,10K0,smt
162.684162,-145.007333,180.0,top,R48,CRCW040210K0FKEDHP,,R0402,10K0,smt
162.684162,-115.278333,180.0,top,R48,CRCW040210K0FKEDHP,,R0402,10K0,smt
160.826662,-120.473333,0.0,top,R49,CRCW040210K0FKEDHP,,R0402,10K0,smt
160.826662,-61.013333,0.0,top,R49,CRCW040210K0FKEDHP,,R0402,10K0,smt
160.826662,-46.148333,0.0,top,R49,CRCW040210K0FKEDHP,,R0402,10K0,smt
160.826662,-90.743333,0.0,top,R49,CRCW040210K0FKEDHP,,R0402,10K0,smt
160.826662,-135.337333,0.0,top,R49,CRCW040210K0FKEDHP,,R0402,10K0,smt
160.826662,-75.878333,0.0,top,R49,CRCW040210K0FKEDHP,,R0402,10K0,smt
160.826662,-105.608333,0.0,top,R49,CRCW040210K0FKEDHP,,R0402,10K0,smt
127.698,-62.8606,-90.0,top,R5,RK73Z1ETTP,,R0402,0R00,smt
127.698,-77.4227,-90.0,top,R5,RK73Z1ETTP,,R0402,0R00,smt
127.698,-106.5469,-90.0,top,R5,RK73Z1ETTP,,R0402,0R00,smt
127.698,-121.109,-90.0,top,R5,RK73Z1ETTP,,R0402,0R00,smt
127.698,-48.2985,-90.0,top,R5,RK73Z1ETTP,,R0402,0R00,smt
127.698,-91.9848,-90.0,top,R5,RK73Z1ETTP,,R0402,0R00,smt
127.698,-135.6711,-90.0,top,R5,RK73Z1ETTP,,R0402,0R00,smt
165.619162,-70.683333,0.0,top,R50,CRCW040210K0FKEDHP,,R0402,10K0,smt
165.619162,-115.278333,0.0,top,R50,CRCW040210K0FKEDHP,,R0402,10K0,smt
165.619162,-100.413333,0.0,top,R50,CRCW040210K0FKEDHP,,R0402,10K0,smt
165.619162,-145.007333,0.0,top,R50,CRCW040210K0FKEDHP,,R0402,10K0,smt
165.619162,-85.548333,0.0,top,R50,CRCW040210K0FKEDHP,,R0402,10K0,smt
165.619162,-55.818333,0.0,top,R50,CRCW040210K0FKEDHP,,R0402,10K0,smt
165.619162,-130.143333,0.0,top,R50,CRCW040210K0FKEDHP,,R0402,10K0,smt
169.334162,-100.413333,180.0,top,R51,CRCW040210K0FKEDHP,,R0402,10K0,smt
169.334162,-145.007333,180.0,top,R51,CRCW040210K0FKEDHP,,R0402,10K0,smt
169.334162,-115.278333,180.0,top,R51,CRCW040210K0FKEDHP,,R0402,10K0,smt
169.334162,-70.683333,180.0,top,R51,CRCW040210K0FKEDHP,,R0402,10K0,smt
169.334162,-55.818333,180.0,top,R51,CRCW040210K0FKEDHP,,R0402,10K0,smt
169.334162,-130.143333,180.0,top,R51,CRCW040210K0FKEDHP,,R0402,10K0,smt
169.334162,-85.548333,180.0,top,R51,CRCW040210K0FKEDHP,,R0402,10K0,smt
167.439162,-75.880833,0.0,top,R52,CRCW040210K0FKEDHP,,R0402,10K0,smt
167.439162,-120.475833,0.0,top,R52,CRCW040210K0FKEDHP,,R0402,10K0,smt
167.439162,-105.610833,0.0,top,R52,CRCW040210K0FKEDHP,,R0402,10K0,smt
167.439162,-135.339833,0.0,top,R52,CRCW040210K0FKEDHP,,R0402,10K0,smt
167.439162,-46.150833,0.0,top,R52,CRCW040210K0FKEDHP,,R0402,10K0,smt
167.439162,-90.745833,0.0,top,R52,CRCW040210K0FKEDHP,,R0402,10K0,smt
167.439162,-61.015833,0.0,top,R52,CRCW040210K0FKEDHP,,R0402,10K0,smt
106.937,-63.701,-90.0,top,R53,CRCW0402100KFKEDC,,R0402,100K,smt
106.937,-114.443,-90.0,top,R53,CRCW0402100KFKEDC,,R0402,100K,smt
106.937,-139.814,-90.0,top,R53,CRCW0402100KFKEDC,,R0402,100K,smt
106.937,-89.072,-90.0,top,R53,CRCW0402100KFKEDC,,R0402,100K,smt
106.012,-114.443,-90.0,top,R54,CRCW0402100KFKEDC,,R0402,100K,smt
106.012,-63.701,-90.0,top,R54,CRCW0402100KFKEDC,,R0402,100K,smt
106.012,-139.814,-90.0,top,R54,CRCW0402100KFKEDC,,R0402,100K,smt
106.012,-89.072,-90.0,top,R54,CRCW0402100KFKEDC,,R0402,100K,smt
127.698,-142.8711,90.0,top,R55,RK73Z1ETTP,,R0402,0R00,smt
127.698,-55.4985,90.0,top,R55,RK73Z1ETTP,,R0402,0R00,smt
127.698,-113.7469,90.0,top,R55,RK73Z1ETTP,,R0402,0R00,smt
127.698,-70.0606,90.0,top,R55,RK73Z1ETTP,,R0402,0R00,smt
127.698,-99.1848,90.0,top,R55,RK73Z1ETTP,,R0402,0R00,smt
127.698,-84.6227,90.0,top,R55,RK73Z1ETTP,,R0402,0R00,smt
127.698,-128.309,90.0,top,R55,RK73Z1ETTP,,R0402,0R00,smt
126.873,-70.0606,90.0,top,R56,RK73Z1ETTP,,R0402,0R00,smt
126.873,-99.1848,90.0,top,R56,RK73Z1ETTP,,R0402,0R00,smt
126.873,-128.309,90.0,top,R56,RK73Z1ETTP,,R0402,0R00,smt
126.873,-113.7469,90.0,top,R56,RK73Z1ETTP,,R0402,0R00,smt
126.873,-142.8711,90.0,top,R56,RK73Z1ETTP,,R0402,0R00,smt
126.873,-84.6227,90.0,top,R56,RK73Z1ETTP,,R0402,0R00,smt
126.873,-55.4985,90.0,top,R56,RK73Z1ETTP,,R0402,0R00,smt
126.048,-84.6227,90.0,top,R57,RK73Z1ETTP,,R0402,0R00,smt
126.048,-55.4985,90.0,top,R57,RK73Z1ETTP,,R0402,0R00,smt
126.048,-70.0606,90.0,top,R57,RK73Z1ETTP,,R0402,0R00,smt
126.048,-113.7469,90.0,top,R57,RK73Z1ETTP,,R0402,0R00,smt
126.048,-99.1848,90.0,top,R57,RK73Z1ETTP,,R0402,0R00,smt
126.048,-128.309,90.0,top,R57,RK73Z1ETTP,,R0402,0R00,smt
126.048,-142.8711,90.0,top,R57,RK73Z1ETTP,,R0402,0R00,smt
147.624503,-140.621381,0.0,top,R58,CRCW0402100KFKEDC,,R0402,100K,smt
147.624503,-113.851,0.0,top,R58,CRCW0402100KFKEDC,,R0402,100K,smt
147.624503,-87.098,0.0,top,R58,CRCW0402100KFKEDC,,R0402,100K,smt
147.624503,-60.345,0.0,top,R58,CRCW0402100KFKEDC,,R0402,100K,smt
147.612503,-135.336103,0.0,top,R59,CRCW040220K0FKED,,R0402,20K0,smt
147.612503,-108.565722,0.0,top,R59,CRCW040220K0FKED,,R0402,20K0,smt
147.612503,-81.812722,0.0,top,R59,CRCW040220K0FKED,,R0402,20K0,smt
147.612503,-55.059722,0.0,top,R59,CRCW040220K0FKED,,R0402,20K0,smt
126.873,-48.2985,-90.0,top,R6,RK73Z1ETTP,,R0402,0R00,smt
126.873,-106.5469,-90.0,top,R6,RK73Z1ETTP,,R0402,0R00,smt
126.873,-91.9848,-90.0,top,R6,RK73Z1ETTP,,R0402,0R00,smt
126.873,-62.8606,-90.0,top,R6,RK73Z1ETTP,,R0402,0R00,smt
126.873,-121.109,-90.0,top,R6,RK73Z1ETTP,,R0402,0R00,smt
126.873,-135.6711,-90.0,top,R6,RK73Z1ETTP,,R0402,0R00,smt
126.873,-77.4227,-90.0,top,R6,RK73Z1ETTP,,R0402,0R00,smt
148.104503,-139.122781,-90.0,top,R60,CRCW0402100KFKEDC,,R0402,100K,smt
148.104503,-112.3524,-90.0,top,R60,CRCW0402100KFKEDC,,R0402,100K,smt
148.104503,-85.5994,-90.0,top,R60,CRCW0402100KFKEDC,,R0402,100K,smt
148.104503,-58.8464,-90.0,top,R60,CRCW0402100KFKEDC,,R0402,100K,smt
142.980581,-132.741103,0.0,bottom,R61,KDV04FR150ET ,,R0402,0R15,smt
142.980581,-105.970722,0.0,bottom,R61,KDV04FR150ET ,,R0402,0R15,smt
142.980581,-79.217722,0.0,bottom,R61,KDV04FR150ET ,,R0402,0R15,smt
142.980581,-52.464722,0.0,bottom,R61,KDV04FR150ET ,,R0402,0R15,smt
142.980581,-133.671103,0.0,bottom,R62,KDV04FR150ET ,,R0402,0R15,smt
142.980581,-106.900722,0.0,bottom,R62,KDV04FR150ET ,,R0402,0R15,smt
142.980581,-80.147722,0.0,bottom,R62,KDV04FR150ET ,,R0402,0R15,smt
142.980581,-53.394722,0.0,bottom,R62,KDV04FR150ET ,,R0402,0R15,smt
138.850581,-135.336103,0.0,top,R63,RK73Z1ETTP,,R0402,0R00,smt
138.850581,-108.565722,0.0,top,R63,RK73Z1ETTP,,R0402,0R00,smt
138.850581,-81.812722,0.0,top,R63,RK73Z1ETTP,,R0402,0R00,smt
138.850581,-55.059722,0.0,top,R63,RK73Z1ETTP,,R0402,0R00,smt
141.020581,-134.267703,180.0,top,R64,RK73Z1ETTP,,R0402,0R00,smt
141.020581,-107.497322,180.0,top,R64,RK73Z1ETTP,,R0402,0R00,smt
141.020581,-80.744322,180.0,top,R64,RK73Z1ETTP,,R0402,0R00,smt
141.020581,-53.991322,180.0,top,R64,RK73Z1ETTP,,R0402,0R00,smt
126.048,-106.5469,-90.0,top,R7,RK73Z1ETTP,,R0402,0R00,smt
126.048,-62.8606,-90.0,top,R7,RK73Z1ETTP,,R0402,0R00,smt
126.048,-48.2985,-90.0,top,R7,RK73Z1ETTP,,R0402,0R00,smt
126.048,-91.9848,-90.0,top,R7,RK73Z1ETTP,,R0402,0R00,smt
126.048,-121.109,-90.0,top,R7,RK73Z1ETTP,,R0402,0R00,smt
126.048,-77.4227,-90.0,top,R7,RK73Z1ETTP,,R0402,0R00,smt
126.048,-135.6711,-90.0,top,R7,RK73Z1ETTP,,R0402,0R00,smt
120.673,-106.5469,-90.0,top,R8,CRCW0402100KFKEDC,,R0402,100K,smt
120.673,-91.9848,-90.0,top,R8,CRCW0402100KFKEDC,,R0402,100K,smt
120.673,-62.8606,-90.0,top,R8,CRCW0402100KFKEDC,,R0402,100K,smt
120.673,-135.6711,-90.0,top,R8,CRCW0402100KFKEDC,,R0402,100K,smt
120.673,-77.4227,-90.0,top,R8,CRCW0402100KFKEDC,,R0402,100K,smt
120.673,-121.109,-90.0,top,R8,CRCW0402100KFKEDC,,R0402,100K,smt
120.673,-48.2985,-90.0,top,R8,CRCW0402100KFKEDC,,R0402,100K,smt
119.848,-62.8606,-90.0,top,R9,CRCW0402100KFKEDC,,R0402,100K,smt
119.848,-48.2985,-90.0,top,R9,CRCW0402100KFKEDC,,R0402,100K,smt
119.848,-91.9848,-90.0,top,R9,CRCW0402100KFKEDC,,R0402,100K,smt
119.848,-77.4227,-90.0,top,R9,CRCW0402100KFKEDC,,R0402,100K,smt
119.848,-106.5469,-90.0,top,R9,CRCW0402100KFKEDC,,R0402,100K,smt
119.848,-135.6711,-90.0,top,R9,CRCW0402100KFKEDC,,R0402,100K,smt
119.848,-121.109,-90.0,top,R9,CRCW0402100KFKEDC,,R0402,100K,smt
117.798,-69.0856,0.0,top,U1,MAX17262REWL+T,,WLCSP-9_1.468x1.448mm_P0.4mm,MAX17262REWL+T,smt
117.798,-83.6477,0.0,top,U1,MAX17262REWL+T,,WLCSP-9_1.468x1.448mm_P0.4mm,MAX17262REWL+T,smt
117.798,-54.5235,0.0,top,U1,MAX17262REWL+T,,WLCSP-9_1.468x1.448mm_P0.4mm,MAX17262REWL+T,smt
117.798,-112.7719,0.0,top,U1,MAX17262REWL+T,,WLCSP-9_1.468x1.448mm_P0.4mm,MAX17262REWL+T,smt
117.798,-141.8961,0.0,top,U1,MAX17262REWL+T,,WLCSP-9_1.468x1.448mm_P0.4mm,MAX17262REWL+T,smt
117.798,-98.2098,0.0,top,U1,MAX17262REWL+T,,WLCSP-9_1.468x1.448mm_P0.4mm,MAX17262REWL+T,smt
117.798,-127.334,0.0,top,U1,MAX17262REWL+T,,WLCSP-9_1.468x1.448mm_P0.4mm,MAX17262REWL+T,smt
97.803,-140.33,180.0,top,U17,W25Q128JWYIQ,,WLCSP-21,W25Q128JWYIQ,smt
97.803,-114.959,180.0,top,U17,W25Q128JWYIQ,,WLCSP-21,W25Q128JWYIQ,smt
97.803,-64.217,180.0,top,U17,W25Q128JWYIQ,,WLCSP-21,W25Q128JWYIQ,smt
97.803,-89.588,180.0,top,U17,W25Q128JWYIQ,,WLCSP-21,W25Q128JWYIQ,smt
161.329162,-65.850833,90.0,top,U18, MX25U12832FZNI02-TR ,,8-WSON_DUAL_(6x5mm)_8x6mn,MX25U12832FZNI02-TR,smt
161.329162,-95.580833,90.0,top,U18, MX25U12832FZNI02-TR ,,8-WSON_DUAL_(6x5mm)_8x6mn,MX25U12832FZNI02-TR,smt
161.329162,-50.985833,90.0,top,U18, MX25U12832FZNI02-TR ,,8-WSON_DUAL_(6x5mm)_8x6mn,MX25U12832FZNI02-TR,smt
161.329162,-125.310833,90.0,top,U18, MX25U12832FZNI02-TR ,,8-WSON_DUAL_(6x5mm)_8x6mn,MX25U12832FZNI02-TR,smt
161.329162,-140.174833,90.0,top,U18, MX25U12832FZNI02-TR ,,8-WSON_DUAL_(6x5mm)_8x6mn,MX25U12832FZNI02-TR,smt
161.329162,-80.715833,90.0,top,U18, MX25U12832FZNI02-TR ,,8-WSON_DUAL_(6x5mm)_8x6mn,MX25U12832FZNI02-TR,smt
161.329162,-110.445833,90.0,top,U18, MX25U12832FZNI02-TR ,,8-WSON_DUAL_(6x5mm)_8x6mn,MX25U12832FZNI02-TR,smt
167.979162,-50.985833,90.0,top,U19, MX25U25643GZ4I00-T ,,8-WSON_DUAL_6x5mm_(8x6mn),MX25U25643GZ4I00-T,smt
167.979162,-125.310833,90.0,top,U19, MX25U25643GZ4I00-T ,,8-WSON_DUAL_6x5mm_(8x6mn),MX25U25643GZ4I00-T,smt
167.979162,-110.445833,90.0,top,U19, MX25U25643GZ4I00-T ,,8-WSON_DUAL_6x5mm_(8x6mn),MX25U25643GZ4I00-T,smt
167.979162,-65.850833,90.0,top,U19, MX25U25643GZ4I00-T ,,8-WSON_DUAL_6x5mm_(8x6mn),MX25U25643GZ4I00-T,smt
167.979162,-95.580833,90.0,top,U19, MX25U25643GZ4I00-T ,,8-WSON_DUAL_6x5mm_(8x6mn),MX25U25643GZ4I00-T,smt
167.979162,-140.174833,90.0,top,U19, MX25U25643GZ4I00-T ,,8-WSON_DUAL_6x5mm_(8x6mn),MX25U25643GZ4I00-T,smt
167.979162,-80.715833,90.0,top,U19, MX25U25643GZ4I00-T ,,8-WSON_DUAL_6x5mm_(8x6mn),MX25U25643GZ4I00-T,smt
122.098,-138.1711,0.0,top,U2,MAX77654MENV+T,,WLCSP-30_2.788x2.338mm_P0.4mm,MAX77654MENV+T,smt
122.098,-123.609,0.0,top,U2,MAX77654MENV+T,,WLCSP-30_2.788x2.338mm_P0.4mm,MAX77654MENV+T,smt
122.098,-94.4848,0.0,top,U2,MAX77654MENV+T,,WLCSP-30_2.788x2.338mm_P0.4mm,MAX77654MENV+T,smt
122.098,-79.9227,0.0,top,U2,MAX77654MENV+T,,WLCSP-30_2.788x2.338mm_P0.4mm,MAX77654MENV+T,smt
122.098,-50.7985,0.0,top,U2,MAX77654MENV+T,,WLCSP-30_2.788x2.338mm_P0.4mm,MAX77654MENV+T,smt
122.098,-109.0469,0.0,top,U2,MAX77654MENV+T,,WLCSP-30_2.788x2.338mm_P0.4mm,MAX77654MENV+T,smt
122.098,-65.3606,0.0,top,U2,MAX77654MENV+T,,WLCSP-30_2.788x2.338mm_P0.4mm,MAX77654MENV+T,smt
105.619,-66.199,-90.0,top,U20,SN74AUP2G08DQER,,X2SON-8,~,smt
105.619,-142.312,-90.0,top,U20,SN74AUP2G08DQER,,X2SON-8,~,smt
105.619,-116.941,-90.0,top,U20,SN74AUP2G08DQER,,X2SON-8,~,smt
105.619,-91.57,-90.0,top,U20,SN74AUP2G08DQER,,X2SON-8,~,smt
102.211669,-90.732,180.0,top,U21,SN74AUP2G08DQER,,X2SON-8,~,smt
102.211669,-141.474,180.0,top,U21,SN74AUP2G08DQER,,X2SON-8,~,smt
102.211669,-116.103,180.0,top,U21,SN74AUP2G08DQER,,X2SON-8,~,smt
102.211669,-65.361,180.0,top,U21,SN74AUP2G08DQER,,X2SON-8,~,smt
103.944,-139.814,-90.0,top,U22,SN74AUP1G14DSFR,,X2SON-6,~,smt
103.944,-114.443,-90.0,top,U22,SN74AUP1G14DSFR,,X2SON-6,~,smt
103.944,-63.701,-90.0,top,U22,SN74AUP1G14DSFR,,X2SON-6,~,smt
103.944,-89.072,-90.0,top,U22,SN74AUP1G14DSFR,,X2SON-6,~,smt
147.785581,-133.781103,0.0,bottom,U23, LTC6255CS6#TRMPBF ,,SOT_23_6,LTC6255IDC#TRMPBF,smt
147.785581,-107.010722,0.0,bottom,U23, LTC6255CS6#TRMPBF ,,SOT_23_6,LTC6255IDC#TRMPBF,smt
147.785581,-80.257722,0.0,bottom,U23, LTC6255CS6#TRMPBF ,,SOT_23_6,LTC6255IDC#TRMPBF,smt
147.785581,-53.504722,0.0,bottom,U23, LTC6255CS6#TRMPBF ,,SOT_23_6,LTC6255IDC#TRMPBF,smt
139.935581,-137.488381,0.0,top,U24, OPA310SIDBVR ,,SOT_23_5_SHDN,OPA310SIDBVR,smt
139.935581,-110.718,0.0,top,U24, OPA310SIDBVR ,,SOT_23_5_SHDN,OPA310SIDBVR,smt
139.935581,-83.965,0.0,top,U24, OPA310SIDBVR ,,SOT_23_5_SHDN,OPA310SIDBVR,smt
139.935581,-57.212,0.0,top,U24, OPA310SIDBVR ,,SOT_23_5_SHDN,OPA310SIDBVR,smt
139.935581,-142.685981,0.0,top,U25, OPA333AIDBVR ,,SOT_23_5_SHDN,OPA333AIDBVR,smt
139.935581,-115.9156,0.0,top,U25, OPA333AIDBVR ,,SOT_23_5_SHDN,OPA333AIDBVR,smt
139.935581,-89.1626,0.0,top,U25, OPA333AIDBVR ,,SOT_23_5_SHDN,OPA333AIDBVR,smt
139.935581,-62.4096,0.0,top,U25, OPA333AIDBVR ,,SOT_23_5_SHDN,OPA333AIDBVR,smt
139.915581,-134.811103,180.0,bottom,U3, ADS8860IDRCT ,,VSON-10_3x3mm_P0.5,ADS8860IDRCT,smt
139.915581,-108.040722,180.0,bottom,U3, ADS8860IDRCT ,,VSON-10_3x3mm_P0.5,ADS8860IDRCT,smt
139.915581,-81.287722,180.0,bottom,U3, ADS8860IDRCT ,,VSON-10_3x3mm_P0.5,ADS8860IDRCT,smt
139.915581,-54.534722,180.0,bottom,U3, ADS8860IDRCT ,,VSON-10_3x3mm_P0.5,ADS8860IDRCT,smt
142.970581,-142.164581,90.0,top,U4,REF35250YBHR ,,DSBGA-4_1.085x0.870mm,REF35250YBHR,smt
142.970581,-115.3942,90.0,top,U4,REF35250YBHR ,,DSBGA-4_1.085x0.870mm,REF35250YBHR,smt
142.970581,-88.6412,90.0,top,U4,REF35250YBHR ,,DSBGA-4_1.085x0.870mm,REF35250YBHR,smt
142.970581,-61.8882,90.0,top,U4,REF35250YBHR ,,DSBGA-4_1.085x0.870mm,REF35250YBHR,smt
142.970581,-136.910342,0.0,top,U5,TPS22916CYFPR,,DSBGA-4_0.74x0.74mm,TPS22916CYFPR,smt
142.970581,-110.139961,0.0,top,U5,TPS22916CYFPR,,DSBGA-4_0.74x0.74mm,TPS22916CYFPR,smt
142.970581,-83.386961,0.0,top,U5,TPS22916CYFPR,,DSBGA-4_0.74x0.74mm,TPS22916CYFPR,smt
142.970581,-56.633961,0.0,top,U5,TPS22916CYFPR,,DSBGA-4_0.74x0.74mm,TPS22916CYFPR,smt
145.901303,-137.978742,90.0,top,U6,TPS7A9401DSCR,,WSON-10-3.15x3.15mm,TPS7A9401DSCR,smt
145.901303,-111.208361,90.0,top,U6,TPS7A9401DSCR,,WSON-10-3.15x3.15mm,TPS7A9401DSCR,smt
145.901303,-84.455361,90.0,top,U6,TPS7A9401DSCR,,WSON-10-3.15x3.15mm,TPS7A9401DSCR,smt
145.901303,-57.702361,90.0,top,U6,TPS7A9401DSCR,,WSON-10-3.15x3.15mm,TPS7A9401DSCR,smt
142.598059,-129.740103,-90.0,bottom,U7,TMUX1104DQAR ,,USON-10_1x2.5mm,TMUX1104DQAR,smt
142.598059,-102.969722,-90.0,bottom,U7,TMUX1104DQAR ,,USON-10_1x2.5mm,TMUX1104DQAR,smt
142.598059,-76.216722,-90.0,bottom,U7,TMUX1104DQAR ,,USON-10_1x2.5mm,TMUX1104DQAR,smt
142.598059,-49.463722,-90.0,bottom,U7,TMUX1104DQAR ,,USON-10_1x2.5mm,TMUX1104DQAR,smt
